feature,importance
haemoglobin_gdl,0.3305959138602054
severe_anaemia,0.21738116410430222
systolic_bp,0.15104121349266592
hypertension_risk,0.09586452315884854
blood_sugar_fasting,0.07969602874868026
diabetes_risk,0.04590726800699189
anc_visits_count,0.02990560587964788
weight_kg,0.017203576871293175
fundal_height_cm,0.01676634098414241
poor_anc_coverage,0.013890977116332954
fundal_height_risk,0.00098584416520655
low_weight_risk,0.0007615436116829221
